,cvegeo,pob
0,01005,129929
1,01008,9552
2,01001,948990
3,01004,17000
4,01011,61997
5,01006,47646
6,01003,58250
7,01010,20853
8,01002,51536
9,01009,22485
10,01007,57369
11,02003,108440
12,02004,1922523
13,02001,443807
14,02006,117568
15,02007,
16,02002,1049792
17,02005,126890
18,03002,64022
19,03009,18052
20,03008,351111
21,03003,292241
22,03001,73021
23,04003,248845
24,04007,8683
25,04013,
26,04005,31917
27,04004,78170
28,04011,46913
29,04012,15297
30,04002,294077
31,05016,1764
32,05004,29578
33,05002,163058
34,05032,42260
35,16019,20198
36,16018,9484
37,16087,15589
38,16086,15534
39,16072,13961
40,16067,16621
41,16022,25138
42,16079,49896
43,16078,12812
44,16075,78935
45,16076,78477
46,16033,21466
47,16035,30627
48,16036,11644
49,16037,7945
50,16038,41973
51,04006,42140
52,04001,59232
53,05009,59035
54,05012,1643
55,16039,9015
56,16040,18385
57,16041,16043
58,16042,14302
59,16049,19086
60,16050,89311
61,16051,13983
62,16052,196003
63,16053,849053
64,16014,17022
65,16015,19633
66,16016,20965
67,16017,35070
68,16083,33453
69,16082,79540
70,16081,9076
71,16056,32598
72,16080,19833
73,16057,8196
74,16034,125712
75,16058,20981
76,16059,9027
77,16060,9437
78,16062,21028
79,16063,14889
80,16064,26832
81,16105,20982
82,16065,39657
83,16089,24074
84,16061,24774
85,16055,45732
86,19037,6048
87,04010,31714
88,04009,59923
89,04008,11452
90,05005,1643
91,05017,118337
92,05018,237951
93,05014,9502
94,05035,720848
95,16028,5233
96,16027,4944
97,16026,4773
98,16025,40560
99,16024,20586
100,20056,1446
101,20364,18654
102,20067,270955
103,20068,23751
104,20073,34652
105,05013,1735
106,16092,12836
107,16093,28556
108,16111,18402
109,16101,8855
110,16100,14911
111,16095,12325
112,16084,31716
113,16102,356786
114,16103,23469
115,16104,15864
116,16094,6420
117,16047,19834
118,16046,14936
119,16048,5745
120,17002,25232
121,17006,187118
122,17028,73539
123,17022,14853
124,20118,2389
125,20085,26194
126,20088,2881
127,05015,1584
128,05020,71627
129,20367,4582
130,20500,7991
131,05024,44472
132,05026,3239
133,05027,122243
134,05025,176327
135,05028,64811
136,05030,879958
137,05031,24759
138,20503,425
139,05033,101041
140,05006,29128
141,05003,23056
142,05023,9642
143,05008,3047
144,05001,1022
145,05022,33129
146,05019,7928
147,05007,12715
148,07120,4315
149,07074,44829
150,07075,28829
151,07057,76398
152,07007,11283
153,07111,45373
154,07054,28250
155,07076,29889
156,07081,52935
157,05034,6744
158,05037,6188
159,05029,2471
160,20089,2308
161,05038,13135
162,20569,1454
163,20570,22093
164,05021,6539
165,07070,12263
166,07112,37948
167,07050,5232
168,07022,21915
169,05010,82409
170,05011,11898
171,05036,20305
172,06006,5623
173,06002,157048
174,06005,31267
175,06008,10231
176,06001,27626
177,06004,20837
178,06010,149762
179,06003,21661
180,06007,191031
181,06009,116305
182,07019,166178
183,07090,4547
184,07020,49920
185,07021,22192
186,07079,41793
187,07109,40285
188,07108,109536
189,07107,65643
190,07106,67292
191,07104,16560
192,07103,30302
193,07102,41024
194,07101,604147
195,07063,3983
196,07110,7526
197,07051,46130
198,07053,7901
199,07080,25937
200,07049,31259
201,07065,132265
202,07086,25627
203,07062,18469
204,07077,64251
205,07082,15518
206,07024,13678
207,07121,8718
208,07042,11377
209,07025,7472
210,07018,9900
211,07052,141027
212,07026,47371
213,07083,19092
214,07084,8561
215,07089,353706
216,07068,31919
217,07027,112075
218,07048,21807
219,07046,41063
220,07105,16008
221,07100,38025
222,07045,6284
223,07114,23603
224,07028,6156
225,07119,4959
226,07116,12892
227,20238,994
228,21180,41547
229,07029,5402
230,20423,453
231,21143,34880
232,21176,9664
233,21174,103583
234,07091,13592
235,07036,7701
236,07002,21187
237,07003,26899
238,07073,10866
239,07030,36785
240,07044,28999
241,07008,31947
242,07009,41135
243,07031,137262
244,07043,10961
245,07017,88106
246,08011,49499
247,08010,25146
248,08009,23351
249,08008,11270
250,08006,5807
251,07060,14088
252,10025,2837
253,10032,49207
254,10027,5251
255,10007,372750
256,10015,12894
257,10035,11378
258,10022,25623
259,10028,12013
260,10017,8003
261,10001,31454
262,10005,688697
263,10037,9320
264,10033,6917
265,07058,4765
266,07041,46409
267,07040,53242
268,11031,130871
269,11025,83842
270,11026,65766
271,07056,13755
272,07039,27893
273,07099,83111
274,07097,91913
275,07096,83505
276,11028,94126
277,11029,41054
278,11032,89558
279,11033,128536
280,11034,5723
281,11037,203556
282,11042,150054
283,11043,21253
284,11045,11143
285,11044,65791
286,11046,68741
287,11001,92040
288,11003,174615
289,11004,63392
290,11005,117883
291,11006,5296
292,11008,41240
293,11009,82216
294,11010,11083
295,11015,194500
296,11016,21128
297,07118,6047
298,07122,15587
299,07038,22975
300,07001,17994
301,11017,592953
302,11018,38782
303,12033,17488
304,12031,6278
305,20129,356
306,07011,20157
307,07012,64632
308,07072,29636
309,07037,36333
310,07023,101967
311,12053,50124
312,12066,96125
313,12048,44583
314,12007,33267
315,12012,69123
316,12006,11112
317,12010,28491
318,12011,60680
319,12032,37254
320,12028,123722
321,12029,283354
322,12004,21225
323,12068,26349
324,12039,26093
325,12038,126001
326,12043,18859
327,12030,22250
328,12064,11681
329,12067,22209
330,12001,779566
331,12019,15598
332,12045,28446
333,12008,9147
334,12009,5811
335,12046,68207
336,12036,11739
337,12044,12402
338,07010,7365
339,07004,36160
340,07005,24512
341,07035,14556
342,07032,30896
343,07013,37263
344,07014,24273
345,07069,51193
346,07094,49499
347,07092,21426
348,07015,50112
349,07016,17619
350,07047,24966
351,07006,31735
352,07078,215874
353,12042,18613
354,12040,26357
355,12076,40197
356,12075,53126
357,12074,21977
358,12072,12004
359,12071,29891
360,12070,7862
361,12069,11966
362,12052,46270
363,12041,29625
364,12062,22781
365,12023,26627
366,12013,15099
367,07033,7245
368,13035,13078
369,13036,9449
370,13037,20962
371,13020,2593
372,13022,16285
373,13023,36248
374,13052,38891
375,13024,17607
376,13009,19836
377,13038,8878
378,13071,9086
379,13064,10830
380,07117,8412
381,13053,17699
382,13008,46681
383,13007,12546
384,13068,14340
385,13069,168302
386,13076,115107
387,13078,18260
388,19024,6282
389,19026,643143
390,19003,1407
391,19004,35289
392,07115,14714
393,07071,30297
394,07066,26391
395,13067,55134
396,13044,16948
397,13045,9295
398,13046,38492
399,13039,14324
400,13047,4748
401,13049,18723
402,07113,8480
403,07098,7211
404,07093,48162
405,07064,54932
406,07059,234661
407,07061,97397
408,13077,168369
409,13062,31235
410,13003,61002
411,13002,46065
412,13001,22268
413,13061,56245
414,13058,17441
415,13073,37722
416,13072,11113
417,13059,38010
418,13060,17503
419,13012,30135
420,13011,19812
421,13040,9819
422,13042,11578
423,13056,39561
424,13057,15142
425,13084,39927
426,13075,21362
427,14122,7466
428,14019,7043
429,14065,11386
430,14101,569913
431,14076,3095
432,14023,115141
433,14074,16792
434,14073,72230
435,14062,3638
436,14113,16548
437,14087,16705
438,14014,8689
439,14015,64931
440,14097,727750
441,14055,21781
442,14063,106050
443,14086,21245
444,14043,23258
445,14116,20088
446,07088,2308
447,07087,41672
448,14012,4176
449,14117,4388
450,14118,22394
451,14017,12880
452,14119,30472
453,14120,1476491
454,14121,33713
455,14123,19279
456,14069,7734
457,14112,6151
458,14111,6627
459,14079,16431
460,14078,31965
461,14077,28102
462,14075,3791
463,14098,687127
464,14105,23573
465,14104,4180
466,14103,7565
467,14024,29267
468,14102,5961
469,14100,36316
470,14099,11219
471,14093,150190
472,14124,64806
473,14115,5525
474,14021,20548
475,14070,232852
476,14020,10940
477,14018,67937
478,14051,30855
479,14044,67969
480,14039,1385629
481,14022,40139
482,14016,41552
483,14080,5086
484,19025,102149
485,19015,1360
486,07085,10890
487,07124,23847
488,07067,12266
489,14042,10015
490,07125,11650
491,07055,5876
492,07123,10783
493,07034,80897
494,08067,4775
495,08043,2742
496,08058,2696
497,08056,2079
498,08054,7695
499,08018,5099
500,08007,16440
501,08001,14635
502,08041,1302
503,14041,5920
504,14040,8732
505,14038,4199
506,14037,25920
507,14036,20011
508,14035,53039
509,14034,1981
510,14033,21226
511,14010,7758
512,08057,2197
513,14013,64009
514,14089,4072
515,14026,6334
516,14083,87690
517,14082,37186
518,14081,3515
519,14009,21115
520,14008,80609
521,14007,9433
522,14006,60386
523,19034,5119
524,20112,2576
525,08053,5111
526,08051,8127
527,08050,65753
528,08031,35473
529,08055,16776
530,08025,7023
531,08023,6656
532,08022,2456
533,08014,2034
534,08003,8487
535,08021,150506
536,08020,6222
537,08017,180638
538,08016,3704
539,08015,1230
540,08052,24534
541,08013,11815
542,08012,8113
543,08004,24344
544,08005,26093
545,08032,116662
546,08042,1178
547,08040,25144
548,08039,4122
549,08038,4980
550,08035,11005
551,08034,5196
552,08033,824
553,08063,5320
554,08061,3414
555,08062,29862
556,08030,8196
557,08028,4237
558,08027,50180
559,08026,2448
560,08019,937674
561,08064,1448
562,08024,3791
563,08037,1512450
564,08059,5004
565,08066,6512
566,08065,17043
567,14001,23175
568,15021,38643
569,15011,75489
570,15004,15333
571,08060,11582
572,08044,4314
573,08045,44853
574,08046,7266
575,08047,4447
576,08048,22712
577,08029,50514
578,08036,40859
579,08049,2757
580,08002,26047
581,09012,699928
582,09009,152685
583,09015,545884
584,09007,1835486
585,09008,247622
586,09010,759137
587,09003,614447
588,09016,414470
589,09004,217686
590,09006,404695
591,09011,392313
592,09013,442178
593,09005,1173351
594,09002,432205
595,09017,443704
596,15002,171507
597,15034,10827
598,20378,3720
599,09014,434153
600,10006,10038
601,10008,36695
602,10009,9869
603,10010,3843
604,15052,28155
605,15109,516341
606,10029,2103
607,10031,6727
608,10011,4748
609,10038,23476
610,10030,1633
611,10023,51269
612,10036,21143
613,10012,163313
614,10014,48583
615,10026,17333
616,10019,4924
617,10034,26300
618,10013,26932
619,10016,19060
620,10018,10384
621,10020,12656
622,10002,4321
623,10039,27981
624,10021,11118
625,10003,4084
626,10024,12818
627,10004,34955
628,11019,49517
629,11020,1721215
630,11021,47261
631,11023,154960
632,11038,11304
633,11039,35905
634,11040,20007
635,11041,61494
636,11002,108697
637,11012,30857
638,11013,27390
639,11014,163038
640,11022,26383
641,11024,12403
642,11030,119793
643,11036,6714
644,11007,521169
645,11027,273417
646,11035,82340
647,11011,97928
648,12083,
649,15061,10351
650,15101,84259
651,15057,834434
652,15105,31762
653,15106,910608
654,15116,5109
655,15097,18482
656,15079,14323
657,15119,18833
658,15081,547503
659,15035,163244
660,15064,36937
661,12082,
662,12073,18031
663,15039,542211
664,15017,10053
665,20054,404
666,12065,7602
667,12047,7076
668,12054,24139
669,12024,7874
670,12027,20537
671,12037,6138
672,12055,105586
673,12025,17024
674,12026,8272
675,12059,30806
676,12077,14280
677,12078,21241
678,12061,43171
679,12018,14463
680,12056,46063
681,12003,37655
682,12002,25205
683,12035,154173
684,12016,12408
685,12017,15579
686,12020,21648
687,12057,65237
688,12021,73056
689,12022,38554
690,12060,13552
691,12063,10092
692,12058,53817
693,12051,36143
694,12050,38482
695,12081,11679
696,12080,7559
697,12005,7813
698,12014,15442
699,12015,12982
700,12049,12753
701,12079,18381
702,12034,36593
703,12085,
704,12084,
705,13004,10313
706,13010,31525
707,13081,38155
708,13034,9474
709,13080,24674
710,13079,7015
711,13041,47222
712,13032,10523
713,13019,18909
714,13082,21443
715,13050,23641
716,13083,57906
717,13018,22903
718,13074,28626
719,13051,202749
720,13030,98654
721,13031,12290
722,13029,47425
723,13070,19067
724,13025,20673
725,13054,36796
726,13055,18329
727,13006,19162
728,13048,314331
729,13026,12766
730,13027,22846
731,13028,126781
732,13043,6265
733,13065,11768
734,13063,90546
735,13033,2895
736,13013,62470
737,13014,16150
738,13015,19431
739,13016,60421
740,13021,15175
741,13005,18872
742,13017,12967
743,13066,13032
744,14125,18341
745,14072,7609
746,14066,53659
747,14110,13799
748,14092,11039
749,14091,39839
750,14002,25250
751,14003,23630
752,14005,16490
753,14109,19069
754,14108,37518
755,14088,16603
756,14090,7302
757,14071,2924
758,14068,11303
759,14067,291839
760,14114,19063
761,14107,6702
762,14106,5482
763,14025,19689
764,14027,18370
765,14028,2166
766,14011,5599
767,14064,33588
768,14032,5983
769,14030,55196
770,14029,17820
771,14094,44353
772,14095,9647
773,14096,22758
774,14061,22083
775,14060,5307
776,14059,14043
777,14058,14451
778,14057,4099
779,14056,1815
780,14054,5368
781,14085,38955
782,14084,14997
783,14053,172403
784,14052,5534
785,14050,47105
786,14031,3270
787,14049,9425
788,14048,18982
789,14047,24894
790,14046,32678
791,14045,20465
792,14004,5743
793,15030,27692
794,15068,30785
795,15082,79282
796,15028,30045
797,15019,36921
798,15118,203872
799,15094,20500
800,15074,144924
801,15036,46757
802,15041,6475
803,15085,66414
804,15096,39489
805,15104,672202
806,20333,3294
807,20334,50541
808,15076,97418
809,15010,31898
810,15023,40885
811,15025,400057
812,15103,49196
813,20562,1682
814,20133,3934
815,20134,28500
816,15100,47044
817,15040,36911
818,15107,12912
819,15012,12984
820,15014,109384
821,15003,49266
822,15015,31900
823,15016,29128
824,15005,174587
825,15024,178847
826,15008,25244
827,15007,23675
828,15120,280455
829,15042,160139
830,15084,43593
831,15047,76826
832,20138,451
833,20149,2019
834,20161,2730
835,20159,5537
836,20437,9653
837,20441,9234
838,20446,6008
839,20447,17100
840,20469,34735
841,26028,1009
842,26048,62689
843,26017,89122
844,26012,23151
845,15022,15107
846,20513,9027
847,20278,38682
848,20457,3346
849,20163,1577
850,20166,11310
851,15020,293444
852,15062,72103
853,15050,27116
854,15083,14130
855,15102,16414
856,15087,105766
857,15066,4891
858,15108,157645
859,15089,11359
860,15051,170327
861,15046,19877
862,15037,284965
863,15038,11929
864,15069,4862
865,15065,36331
866,15048,69264
867,15121,555163
868,15080,24145
869,15071,14985
870,15075,29182
871,15072,15972
872,15056,33164
873,15067,88783
874,15088,104677
875,15070,304088
876,15078,9729
877,15111,53275
878,15112,51498
879,15091,65459
880,15113,69086
881,15044,28217
882,15110,61590
883,15045,87671
884,15006,12694
885,15123,28822
886,15099,277562
887,15060,430601
888,15122,391731
889,17009,24515
890,15098,5736
891,15115,54633
892,15117,13522
893,15124,100082
894,15029,200750
895,15058,1077208
896,15092,58507
897,15077,6692
898,17016,19219
899,17008,107053
900,17003,39174
901,20506,798
902,20482,55840
903,15055,13807
904,15054,242307
905,15049,15428
906,15026,31737
907,15001,67872
908,15125,14883
909,15059,57082
910,15086,35014
911,15114,108196
912,15093,32564
913,15063,36223
914,15073,31962
915,15033,1645352
916,15013,523674
917,17026,19408
918,17031,36094
919,15053,61220
920,15090,90518
921,15032,37436
922,16077,17677
923,16099,14329
924,16001,11301
925,16043,68781
926,16044,12946
927,16045,36158
928,16012,45538
929,16013,9176
930,16021,13539
931,16020,29910
932,15027,12772
933,15018,68489
934,15009,53441
935,15031,705193
936,15043,30687
937,15095,103696
938,16074,10553
939,16090,16325
940,16002,14754
941,16003,23000
942,16004,14943
943,16005,10892
944,16006,126191
945,16007,3529
946,16008,24676
947,16009,36268
948,16096,5971
949,16097,29056
950,16106,32303
951,16107,76829
952,16108,204860
953,16109,3232
954,16110,49005
955,16010,20332
956,16011,11681
957,16098,25757
958,16031,16112
959,16032,15715
960,16054,7983
961,16030,11850
962,16029,12342
963,16023,10417
964,16066,98382
965,16068,29389
966,16069,106490
967,16070,15503
968,16071,69260
969,16073,27176
970,16091,14934
971,16113,26213
972,16112,157056
973,16085,35256
974,16088,114513
975,17036,7855
976,17021,7617
977,17035,27805
978,17025,33789
979,17001,17598
980,17020,54987
981,17019,28122
982,17034,11347
983,19029,7026
984,19048,306322
985,19044,34709
986,19042,5389
987,19023,1808
988,19022,14109
989,17027,12750
990,17030,56083
991,17023,7943
992,17017,40018
993,17015,15802
994,17013,16694
995,17011,215357
996,17010,18402
997,17018,122263
998,17029,105780
999,17012,57682
1000,17024,52399
1001,17007,378476
1002,17005,10520
1003,17004,89834
1004,17014,9653
1005,17032,9965
1006,17033,16574
1007,18001,37232
1008,18009,47550
1009,18010,33567
1010,18011,24096
1011,18017,425924
1012,18018,30064
1013,18019,13719
1014,18004,77436
1015,18013,7683
1016,18008,65229
1017,18005,12230
1018,18006,29299
1019,18007,19321
1020,18014,24911
1021,18015,93981
1022,18016,37135
1023,18003,11536
1024,18012,41518
1025,18020,187632
1026,18002,15393
1027,19039,1142994
1028,19046,412199
1029,19019,132169
1030,19047,16086
1031,19049,46784
1032,19009,122337
1033,19032,5351
1034,19031,471523
1035,19027,1959
1036,19020,5506
1037,19041,147624
1038,19040,906
1039,19010,104478
1040,19021,481213
1041,19012,68747
1042,19002,3382
1043,19005,18030
1044,19007,14992
1045,19018,397205
1046,19051,3573
1047,19006,656464
1048,19011,7340
1049,19001,2974
1050,19017,40903
1051,19016,3256
1052,19050,1552
1053,19035,1483
1054,19028,1386
1055,19033,84666
1056,20508,1618
1057,20205,16989
1058,20271,3194
1059,20329,1153
1060,20330,4296
1061,20246,611
1062,20277,12350
1063,19036,7652
1064,20227,18339
1065,20261,6932
1066,20510,760
1067,19043,2377
1068,19014,36088
1069,19038,67428
1070,20371,986
1071,20424,3793
1072,20406,21469
1073,20410,3418
1074,20435,3576
1075,20417,9682
1076,19008,3661
1077,19013,9930
1078,19045,86766
1079,20552,410
1080,20262,991
1081,20266,8551
1082,20422,603
1083,20439,25347
1084,19030,3298
1085,20125,11662
1086,20481,1898
1087,20517,6029
1088,20524,327
1089,20542,887
1090,20237,1568
1091,20450,13855
1092,20489,4909
1093,20544,1032
1094,20558,1376
1095,20490,2974
1096,20511,3335
1097,20545,10099
1098,20546,6392
1099,20547,1005
1100,20170,3700
1101,20230,932
1102,20168,938
1103,20184,159452
1104,20185,8939
1105,20404,761
1106,20407,9578
1107,20186,524
1108,20214,2033
1109,20220,2692
1110,20550,5764
1111,20253,2021
1112,20254,3207
1113,20272,6252
1114,20273,3818
1115,20275,7286
1116,20561,2954
1117,20551,30254
1118,20357,848
1119,20502,5089
1120,20553,12067
1121,20265,6711
1122,20493,545
1123,20318,49780
1124,20327,15479
1125,20554,5904
1126,20555,3419
1127,20556,306
1128,20018,752
1129,20036,5256
1130,20338,10361
1131,20344,2809
1132,20366,3676
1133,20377,10860
1134,20451,1019
1135,20005,15261
1136,20563,1245
1137,20497,4233
1138,20549,11465
1139,20564,1195
1140,20565,46464
1141,20099,381
1142,20491,4930
1143,20031,7185
1144,20279,2932
1145,20401,27046
1146,20379,2951
1147,20499,1922
1148,20494,6300
1149,20059,50375
1150,20177,10365
1151,20359,637
1152,20058,12722
1153,20567,3382
1154,20057,38183
1155,20075,2660
1156,20504,1590
1157,20501,998
1158,20537,6710
1159,20543,6386
1160,20548,1960
1161,20505,7681
1162,20251,1217
1163,20459,4877
1164,20477,1327
1165,20484,4458
1166,20485,3134
1167,20492,2764
1168,20495,3029
1169,20534,3512
1170,20463,525
1171,20467,19112
1172,20559,23067
1173,20169,4251
1174,20117,2213
1175,20514,941
1176,20512,1101
1177,20518,113
1178,20440,812
1179,20568,1695
1180,20521,250
1181,20001,841
1182,20256,229
1183,20003,2547
1184,20263,3184
1185,20004,1107
1186,20007,2395
1187,20267,245
1188,20011,1402
1189,20027,2179
1190,20030,8730
1191,20519,3386
1192,20034,1288
1193,20035,657
1194,20051,4764
1195,20013,3043
1196,20460,5242
1197,20044,40934
1198,20017,3607
1199,20507,3155
1200,20049,1184
1201,20520,7393
1202,20019,2754
1203,20022,803
1204,20024,3644
1205,20025,11356
1206,20026,9035
1207,20029,4215
1208,20032,1077
1209,20515,67739
1210,20516,5260
1211,20536,449
1212,20033,2929
1213,20050,3750
1214,20047,81
1215,20523,1633
1216,20206,2421
1217,20037,4424
1218,20152,2472
1219,20153,4910
1220,20040,6385
1221,20041,31710
1222,20042,8385
1223,20045,7888
1224,20053,1297
1225,20046,2943
1226,20048,1433
1227,20522,1205
1228,20456,1667
1229,20060,2487
1230,20061,2893
1231,20062,498
1232,20063,4293
1233,20065,1079
1234,20069,3052
1235,20070,6416
1236,20071,3255
1237,20096,756
1238,20072,8059
1239,20097,1771
1240,20098,4233
1241,20074,456
1242,20076,3411
1243,20190,22444
1244,20078,1301
1245,20077,4370
1246,20081,1871
1247,20094,1850
1248,20080,1593
1249,20084,4168
1250,20082,4163
1251,20086,1032
1252,20083,11391
1253,20092,1776
1254,20087,5521
1255,20090,6234
1256,20091,6279
1257,20095,4562
1258,20100,393
1259,20101,748
1260,20014,28082
1261,20015,5356
1262,20102,5326
1263,20233,1720
1264,20103,6064
1265,20104,2705
1266,20105,7678
1267,20107,26282
1268,20108,2936
1269,20109,1232
1270,20110,1668
1271,20111,4873
1272,20527,2490
1273,20116,4131
1274,20114,674
1275,20172,408
1276,20115,10391
1277,20413,50862
1278,20119,735
1279,20120,449
1280,20121,596
1281,20223,440
1282,20123,2829
1283,20528,904
1284,20124,19696
1285,20122,653
1286,20126,5396
1287,20020,4847
1288,20127,1252
1289,31073,5854
1290,20128,1342
1291,20529,1474
1292,20131,11411
1293,20130,5180
1294,20132,1380
1295,20135,8231
1296,20188,9609
1297,20136,12191
1298,20137,3450
1299,20139,2195
1300,20142,842
1301,20140,812
1302,20141,8710
1303,20160,1429
1304,20143,9461
1305,20144,1075
1306,20145,5215
1307,20531,2612
1308,20196,407
1309,20146,2803
1310,20147,376
1311,20148,2182
1312,20150,13856
1313,20151,312
1314,20157,16827
1315,20248,15571
1316,20158,2233
1317,20162,2046
1318,20164,2881
1319,20176,2725
1320,20165,1629
1321,20167,2149
1322,31045,2677
1323,20530,3923
1324,20187,1808
1325,20171,18102
1326,20173,1457
1327,20174,4564
1328,20191,296
1329,20178,6692
1330,20197,3288
1331,20180,2344
1332,20204,634
1333,20181,453
1334,20480,1351
1335,20182,2181
1336,20199,494
1337,20183,1475
1338,20189,3116
1339,20192,1522
1340,20193,2807
1341,20464,341
1342,20194,1372
1343,20195,1056
1344,20200,3703
1345,20201,1880
1346,20202,4577
1347,20203,3538
1348,20210,5773
1349,20215,879
1350,20208,6941
1351,20209,607
1352,20566,3144
1353,20218,544
1354,20284,3141
1355,20222,1426
1356,20216,1241
1357,20217,3325
1358,20219,2668
1359,20221,1494
1360,20541,1558
1361,20498,7593
1362,20224,643
1363,20225,5903
1364,20016,9563
1365,20249,3831
1366,20525,12483
1367,20526,16688
1368,20226,2971
1369,20228,833
1370,20229,9148
1371,20231,3187
1372,20232,22185
1373,20234,7163
1374,20235,3829
1375,20236,1372
1376,20239,1000
1377,20244,3934
1378,20240,2749
1379,20241,1034
1380,20242,12436
1381,20243,1975
1382,20245,1324
1383,20269,4313
1384,20247,1619
1385,20250,1239
1386,20255,1977
1387,20252,2384
1388,20281,305
1389,20257,1052
1390,20258,698
1391,20259,2142
1392,20260,2191
1393,20268,1149
1394,20276,691
1395,20274,1328
1396,20532,4066
1397,20280,2011
1398,20533,2726
1399,20368,2067
1400,20282,653
1401,20052,5996
1402,20283,1044
1403,20535,3227
1404,20286,3100
1405,20285,3668
1406,20288,585
1407,20289,1214
1408,20290,1043
1409,20292,1510
1410,20380,2242
1411,20294,7035
1412,20043,113570
1413,20295,10020
1414,20538,713
1415,20296,955
1416,20297,2751
1417,20304,716
1418,20299,1125
1419,20302,4559
1420,20300,6632
1421,20308,3307
1422,20301,1594
1423,20311,483
1424,20303,1081
1425,20305,4333
1426,20321,751
1427,20332,373
1428,20319,972
1429,20307,9735
1430,20312,11279
1431,20313,730
1432,20314,1755
1433,20079,84438
1434,20331,982
1435,20315,1899
1436,20316,738
1437,20207,19032
1438,20317,1257
1439,20356,2179
1440,20320,706
1441,20322,786
1442,26044,365
1443,26036,33049
1444,26013,1825
1445,20323,2404
1446,20325,11930
1447,20326,5052
1448,20328,1441
1449,20335,867
1450,20336,1697
1451,20339,4353
1452,20340,1747
1453,20341,241
1454,20342,4105
1455,20343,1999
1456,20346,1542
1457,20345,4188
1458,20347,4202
1459,20539,6348
1460,20211,3411
1461,20212,3117
1462,20213,4203
1463,20360,3981
1464,20348,8192
1465,20349,2189
1466,20540,8326
1467,20350,16878
1468,20352,4940
1469,20353,2406
1470,20354,477
1471,20355,681
1472,20358,1958
1473,20361,825
1474,20362,1495
1475,20363,2675
1476,20369,2193
1477,20373,403
1478,20370,662
1479,20381,2940
1480,20372,1316
1481,20374,1645
1482,20293,17116
1483,20382,1182
1484,20375,13200
1485,20376,365
1486,20383,595
1487,20408,499
1488,20384,4794
1489,20386,19079
1490,20387,2891
1491,20179,1447
1492,20388,2809
1493,20411,908
1494,20390,50362
1495,20391,3375
1496,20418,11735
1497,20392,6726
1498,20393,4173
1499,20394,2796
1500,20395,1629
1501,20396,3259
1502,20397,40123
1503,20398,4874
1504,20399,41921
1505,20400,1713
1506,20402,1067
1507,20154,2329
1508,20155,1060
1509,20156,3677
1510,20106,249
1511,20198,29802
1512,20403,3751
1513,20419,592
1514,20365,1059
1515,20002,45167
1516,20006,20464
1517,20008,734
1518,20009,6857
1519,20010,13474
1520,20055,3739
1521,20405,1815
1522,20432,903
1523,20409,8939
1524,20264,2169
1525,20412,3178
1526,20414,11995
1527,20415,4878
1528,20287,307
1529,20291,4308
1530,20298,13587
1531,20385,100402
1532,20416,461
1533,20420,1679
1534,20023,26882
1535,20306,4654
1536,20310,14552
1537,20421,4690
1538,20309,10368
1539,20324,48204
1540,20337,5616
1541,20351,2802
1542,20425,2058
1543,20426,8967
1544,20427,16706
1545,20436,896
1546,20428,2224
1547,20429,1516
1548,20430,317
1549,20431,1830
1550,20021,14488
1551,20175,1424
1552,20270,1311
1553,20433,2694
1554,20452,4421
1555,20442,250
1556,20438,1839
1557,20444,481
1558,20434,3985
1559,20443,434
1560,20445,1699
1561,20448,2469
1562,20449,3294
1563,20462,4600
1564,20474,3440
1565,20453,3918
1566,20454,3556
1567,20455,2904
1568,20458,1157
1569,20461,527
1570,20465,1636
1571,20466,13880
1572,20468,14198
1573,20470,4394
1574,20471,431
1575,20472,3361
1576,26039,5774
1577,20473,1291
1578,20475,10175
1579,20478,1599
1580,20476,421
1581,20389,908
1582,20479,174
1583,20012,11166
1584,20028,23148
1585,20039,78313
1586,20064,8494
1587,20066,5342
1588,20483,10886
1589,20486,2419
1590,20093,518
1591,20113,3169
1592,20487,1966
1593,20488,130
1594,28031,1917
1595,28039,28230
1596,28038,297562
1597,28037,23673
1598,28007,16546
1599,28005,4256
1600,28032,704767
1601,28033,132484
1602,20496,1893
1603,20509,11384
1604,28021,106144
1605,20557,14542
1606,28011,8288
1607,28012,41470
1608,28027,425058
1609,20560,6467
1610,20038,1885
1611,28013,15032
1612,21080,2633
1613,21087,13308
1614,21088,4457
1615,21081,4065
1616,21083,25319
1617,21197,80591
1618,21193,6476
1619,21192,5924
1620,21215,4539
1621,21191,9871
1622,21216,2452
1623,21199,42943
1624,21198,1312
1625,21178,15977
1626,21105,5077
1627,21132,155738
1628,21171,3851
1629,21103,6644
1630,21102,14075
1631,21142,30639
1632,21101,3317
1633,21100,9310
1634,21099,20659
1635,21098,6668
1636,21001,72894
1637,21181,7425
1638,21064,17824
1639,21148,11498
1640,21063,14766
1641,21217,20335
1642,21207,57887
1643,21182,5390
1644,21201,3375
1645,21110,50226
1646,21109,20274
1647,21067,18784
1648,21147,6341
1649,21204,7926
1650,21108,19903
1651,21066,6451
1652,21167,10373
1653,21166,8918
1654,21065,22694
1655,21106,42669
1656,21055,5082
1657,21200,3443
1658,21051,37030
1659,21050,26928
1660,21096,3176
1661,21214,18359
1662,21059,2846
1663,21058,21002
1664,21057,6687
1665,21056,1317
1666,21107,11993
1667,21095,650
1668,21094,37257
1669,21093,7650
1670,21092,5293
1671,21074,90794
1672,21022,12857
1673,21025,8208
1674,21177,54757
1675,21075,13080
1676,21078,15928
1677,21079,5782
1678,21187,4934
1679,21188,19315
1680,21189,22454
1681,21190,1187
1682,21194,28395
1683,21184,6422
1684,21091,9828
1685,21208,87361
1686,21185,10344
1687,21082,8804
1688,21085,82809
1689,21104,32772
1690,21122,11063
1691,21123,3793
1692,21012,6591
1693,21013,22629
1694,21007,3162
1695,21090,23783
1696,21037,2334
1697,21035,20653
1698,21011,1885
1699,21018,3859
1700,21054,35223
1701,21127,3606
1702,21129,14018
1703,21130,3604
1704,21213,11967
1705,21124,15954
1706,21169,22331
1707,21159,3836
1708,21156,327312
1709,21155,6830
1710,21154,80771
1711,21034,46836
1712,21033,5403
1713,21032,1382
1714,21031,2820
1715,21172,27216
1716,21179,31639
1717,21153,23625
1718,21030,772
1719,21029,3811
1720,21028,2758
1721,21020,7704
1722,21077,5951
1723,21151,9315
1724,21121,1270
1725,21202,13025
1726,21203,7178
1727,21073,9760
1728,21136,12461
1729,21045,47410
1730,21043,49864
1731,21084,6950
1732,21086,12050
1733,21097,2668
1734,21036,14806
1735,21044,17139
1736,21060,7982
1737,21061,14461
1738,21062,4943
1739,21068,7011
1740,21072,17082
1741,21160,3689
1742,21161,22218
1743,21024,976
1744,21186,55576
1745,21170,19200
1746,21196,1570
1747,21042,3315
1748,21113,4627
1749,21131,975
1750,21089,12131
1751,21041,137435
1752,21040,12340
1753,21039,9837
1754,28026,3704
1755,28001,9822
1756,28002,28725
1757,21117,15952
1758,21017,29742
1759,21019,141793
1760,21173,6653
1761,21175,14432
1762,21052,1215
1763,21069,29233
1764,21168,7523
1765,21157,12672
1766,21162,4155
1767,21209,8595
1768,22009,27343
1769,23001,88626
1770,23003,22686
1771,23002,83990
1772,23005,911503
1773,23004,233648
1774,23011,26921
1775,23008,333800
1776,23010,41754
1777,23007,29171
1778,21118,30021
1779,21119,154448
1780,21120,5938
1781,24048,5298
1782,24015,21814
1783,24013,179371
1784,21125,9671
1785,21126,6597
1786,21128,10443
1787,21158,6743
1788,21053,66464
1789,21002,9170
1790,21003,37955
1791,21004,63743
1792,21005,3070
1793,21006,14542
1794,21008,11439
1795,24009,5050
1796,24043,7966
1797,24042,13448
1798,24012,20300
1799,24011,48106
1800,24010,30320
1801,24008,22075
1802,21133,692
1803,21134,20974
1804,21135,526
1805,21137,10464
1806,21138,11780
1807,21139,3759
1808,21140,138433
1809,21141,3488
1810,21205,26392
1811,21023,9051
1812,21116,22855
1813,21115,57992
1814,21114,1692181
1815,25003,26542
1816,25014,52345
1817,25001,459310
1818,25002,44093
1819,25020,
1820,25019,
1821,25009,59988
1822,25004,24899
1823,25005,17012
1824,25012,501441
1825,25007,29334
1826,25013,40358
1827,25015,79492
1828,25006,1003530
1829,25017,78670
1830,25011,289370
1831,21144,16790
1832,21145,13189
1833,21146,749
1834,21149,30309
1835,21150,6105
1836,21010,74768
1837,21014,4812
1838,21015,125876
1839,21016,9021
1840,26038,5173
1841,26033,77682
1842,21021,1512
1843,21026,15271
1844,21027,4128
1845,21165,1216
1846,21152,12631
1847,21206,4647
1848,21211,16752
1849,21212,20717
1850,21163,18854
1851,21049,17382
1852,21048,22039
1853,21047,21699
1854,21195,26559
1855,21164,84270
1856,21046,8193
1857,21210,5675
1858,21038,10542
1859,21112,9350
1860,21009,2207
1861,21076,27600
1862,21183,20433
1863,21071,103946
1864,21070,6111
1865,21111,18528
1866,22002,27365
1867,22010,18794
1868,22006,212567
1869,22003,13142
1870,22011,231668
1871,22012,77404
1872,22015,8359
1873,22016,297804
1874,22017,72201
1875,22018,27916
1876,22007,45141
1877,22001,66841
1878,22014,1049777
1879,22005,67121
1880,22004,69075
1881,22013,19141
1882,22008,36808
1883,23006,39165
1884,23009,46721
1885,24050,52912
1886,24052,10304
1887,24053,32544
1888,24054,49741
1889,24055,27386
1890,24007,19840
1891,24035,332072
1892,24041,18208
1893,24040,36968
1894,24039,13603
1895,24038,14348
1896,24037,95037
1897,24036,29184
1898,24006,9579
1899,24028,911908
1900,24031,12163
1901,24030,4779
1902,24029,18468
1903,24026,9382
1904,24005,18317
1905,24024,97943
1906,24023,15301
1907,24022,19036
1908,24021,58469
1909,24017,25119
1910,24016,40899
1911,24014,15660
1912,24033,10785
1913,24001,18974
1914,24057,28996
1915,24051,15458
1916,24058,20959
1917,24032,39880
1918,24027,10215
1919,24025,31107
1920,24056,17258
1921,24047,9277
1922,26032,888
1923,24059,
1924,24034,14945
1925,24002,7785
1926,24003,48359
1927,24004,4013
1928,24046,18206
1929,26037,1101
1930,24018,15334
1931,24019,5453
1932,24020,102199
1933,24044,7557
1934,24045,14188
1935,24049,38389
1936,25010,96593
1937,25008,55339
1938,25016,19505
1939,25018,149122
1940,26066,8548
1941,26056,10729
1942,26031,1186
1943,26070,13627
1944,26064,1381
1945,26062,1114
1946,26052,5257
1947,26051,4830
1948,26014,3191
1949,26015,1169
1950,26069,4793
1951,26021,1848
1952,26023,5829
1953,26041,14369
1954,26043,264782
1955,26034,943
1956,26016,4988
1957,26009,759
1958,26029,156863
1959,26002,91929
1960,26001,2563
1961,26003,24976
1962,26030,936263
1963,26057,1458
1964,26055,199021
1965,26024,753
1966,26022,863
1967,26025,51431
1968,26027,9041
1969,26005,1177
1970,26006,2788
1971,26071,21692
1972,26004,9492
1973,26063,1178
1974,26035,12536
1975,26068,1043
1976,26046,496
1977,26026,61309
1978,26049,3090
1979,26010,1221
1980,26061,1368
1981,26011,1475
1982,26018,436484
1983,26047,9122
1984,26050,1496
1985,26072,14279
1986,26053,369
1987,26042,164387
1988,26008,979
1989,26019,39451
1990,26060,2058
1991,26020,4946
1992,26059,1835
1993,26040,1531
1994,26067,1429
1995,29045,6211
1996,26065,1473
1997,29047,3534
1998,29033,99896
1999,29059,7750
2000,29004,18111
2001,26007,626
2002,26045,2438
2003,29054,5689
2004,26054,537
2005,26058,16203
2006,27006,137257
2007,27001,58524
2008,27016,58718
2009,27015,47905
2010,27014,96741
2011,27012,158601
2012,27002,243229
2013,27003,107731
2014,27004,683607
2015,27005,214877
2016,27007,32181
2017,27008,190885
2018,27009,37749
2019,27010,91185
2020,27011,30798
2021,27013,150300
2022,27017,62310
2023,28003,269790
2024,29010,73215
2025,29007,17332
2026,29021,18686
2027,29012,9416
2028,29031,35284
2029,29032,13561
2030,29034,45438
2031,28041,349688
2032,28010,1671
2033,28024,6385
2034,28015,15677
2035,28025,26237
2036,30071,59920
2037,30069,24085
2038,28040,60055
2039,28023,4280
2040,30148,28130
2041,30147,24578
2042,30146,3925
2043,28029,13190
2044,28030,13618
2045,28034,7411
2046,28035,51405
2047,28022,541979
2048,28036,926
2049,28028,3810
2050,28004,8850
2051,28006,7542
2052,28016,17012
2053,30145,16574
2054,30004,41742
2055,30070,18275
2056,30068,66372
2057,30067,19179
2058,30066,26830
2059,30065,85489
2060,28019,14645
2061,30128,77432
2062,30020,11577
2063,30101,38670
2064,28017,15994
2065,28020,2048
2066,28008,4143
2067,28043,22229
2068,28042,5361
2069,28014,3803
2070,30163,5040
2071,30019,6909
2072,30042,5743
2073,30043,19876
2074,30044,204721
2075,30047,59471
2076,30049,22050
2077,30052,11869
2078,30099,18327
2079,30105,95202
2080,30184,7933
2081,30175,92726
2082,30178,12898
2083,30180,10900
2084,30137,6308
2085,30196,17902
2086,30197,11205
2087,30198,6788
2088,30139,6126
2089,30186,7197
2090,30200,12581
2091,30202,14644
2092,30204,44104
2093,30207,44978
2094,30208,23376
2095,30201,45028
2096,30181,37795
2097,30182,19664
2098,30183,61377
2099,30076,13377
2100,30077,42807
2101,30080,23132
2102,30081,27295
2103,30082,15831
2104,30083,50836
2105,30084,5574
2106,30085,74004
2107,30086,46794
2108,30088,5054
2109,30089,38669
2110,30090,11132
2111,30091,28524
2112,30092,39623
2113,28009,205933
2114,30161,34408
2115,30167,14619
2116,28018,6375
2117,29019,22274
2118,29042,14197
2119,29044,45717
2120,29053,7688
2121,29008,16222
2122,29029,13328
2123,29046,4951
2124,29025,82688
2125,29058,9463
2126,29014,15190
2127,29028,25257
2128,29040,10601
2129,29060,5443
2130,29015,38970
2131,29057,4636
2132,31100,4049
2133,29056,7952
2134,29051,4092
2135,29041,33499
2136,29038,18006
2137,29023,26309
2138,29020,9432
2139,29017,11592
2140,29022,6432
2141,29001,11403
2142,29006,51172
2143,29016,7504
2144,29049,5884
2145,29043,42242
2146,29013,98764
2147,29002,16003
2148,29005,80725
2149,29018,38579
2150,29003,7087
2151,29011,4755
2152,29009,5928
2153,29035,6294
2154,29030,15475
2155,29026,24116
2156,29050,11761
2157,29052,6436
2158,29027,12974
2159,29055,3077
2160,29024,28357
2161,29037,9207
2162,29048,19036
2163,29039,25607
2164,29036,22529
2165,30162,6448
2166,30169,22709
2167,30185,5548
2168,30187,6105
2169,30188,17217
2170,30189,154600
2171,30190,2258
2172,30078,12379
2173,30191,30097
2174,30079,11387
2175,30192,20204
2176,30194,12492
2177,30031,18888
2178,30195,5900
2179,30199,11899
2180,30206,29209
2181,30210,30891
2182,30211,30351
2183,30212,13062
2184,30103,12799
2185,30141,162428
2186,30140,3134
2187,30138,41795
2188,30136,8343
2189,30131,189457
2190,30116,17027
2191,30109,65761
2192,30107,2934
2193,30203,14524
2194,30205,19402
2195,30098,3299
2196,30075,16525
2197,30074,7293
2198,30073,41670
2199,30072,21796
2200,30149,34385
2201,30150,11631
2202,30064,4008
2203,30173,54537
2204,30209,15044
2205,30032,49451
2206,30040,55016
2207,30039,310698
2208,30038,93911
2209,30037,8176
2210,30036,11018
2211,30035,11165
2212,30034,25011
2213,30033,24421
2214,30030,41835
2215,30029,13701
2216,30028,144550
2217,30027,16120
2218,30026,25993
2219,30025,27217
2220,30024,16485
2221,30023,49180
2222,30022,22651
2223,30168,16343
2224,30166,9405
2225,30165,8925
2226,30164,16957
2227,30126,33442
2228,30050,16333
2229,30046,16167
2230,30021,23461
2231,30018,1978
2232,30009,28184
2233,30112,22835
2234,30008,10338
2235,30007,6538
2236,30006,23100
2237,30111,16493
2238,30110,12125
2239,30005,5253
2240,30051,23096
2241,30045,54737
2242,30013,26843
2243,30014,46955
2244,30002,3441
2245,30001,9701
2246,30003,80815
2247,30120,10343
2248,30127,28258
2249,30048,130903
2250,30059,22638
2251,30100,23918
2252,30087,488531
2253,30097,19123
2254,30010,64234
2255,30108,144776
2256,30011,57035
2257,30012,7866
2258,30015,33839
2259,30016,28682
2260,30017,4709
2261,30117,23773
2262,30113,4614
2263,30114,10130
2264,30115,37314
2265,30041,2355
2266,30053,28075
2267,30054,11461
2268,30055,13527
2269,30056,6610
2270,30057,13881
2271,30058,53858
2272,30060,16283
2273,30061,81080
2274,30062,20839
2275,30063,13359
2276,30093,16585
2277,30094,38367
2278,30095,15059
2279,30096,1543
2280,30104,17134
2281,30118,123182
2282,30119,5651
2283,30121,22756
2284,30123,96185
2285,30124,159910
2286,30125,31894
2287,30129,18053
2288,30130,39327
2289,30122,18051
2290,30132,20300
2291,30133,57909
2292,30134,23544
2293,30135,24127
2294,30106,4841
2295,30102,108842
2296,30170,10824
2297,30171,5575
2298,30172,19925
2299,30174,95602
2300,30176,4489
2301,30179,4284
2302,30177,11685
2303,30193,607209
2304,30143,57085
2305,30144,32400
2306,30142,32631
2307,30151,21902
2308,30152,11561
2309,30153,5795
2310,30154,11991
2311,30155,99959
2312,30156,6041
2313,30157,20145
2314,30158,24551
2315,30159,29686
2316,30160,107270
2317,31009,4466
2318,31007,7490
2319,31019,38934
2320,31101,69147
2321,31106,2215
2322,31105,3293
2323,31103,3451
2324,31097,3684
2325,31095,5690
2326,31081,3355
2327,31090,7503
2328,31088,1917
2329,31087,5464
2330,31066,4220
2331,31083,1915
2332,31086,2133
2333,31055,7080
2334,31036,8090
2335,31032,16779
2336,31082,3512
2337,31016,3104
2338,31080,11020
2339,31102,85460
2340,31071,1949
2341,31069,8967
2342,31078,3747
2343,31037,5250
2344,31027,8345
2345,31058,25954
2346,31077,2683
2347,31074,3774
2348,31049,3965
2349,31065,2118
2350,31026,3622
2351,31025,6003
2352,31001,6550
2353,31050,995129
2354,31023,4863
2355,31035,6384
2356,31034,6514
2357,31015,5560
2358,31064,1701
2359,31013,16671
2360,31072,1857
2361,31093,18420
2362,31061,3974
2363,31014,1714
2364,31089,40495
2365,31070,3971
2366,31068,3206
2367,31012,3736
2368,31010,2755
2369,31002,16772
2370,31063,5631
2371,31060,976
2372,31020,4497
2373,31067,10053
2374,31054,2990
2375,31075,6921
2376,31053,13494
2377,31076,17939
2378,31098,15346
2379,31042,5553
2380,31052,37804
2381,31006,9159
2382,31056,33854
2383,31057,7766
2384,31028,2936
2385,31062,4962
2386,31051,3430
2387,31040,28555
2388,31085,16680
2389,31104,16350
2390,31091,12700
2391,31048,23991
2392,31096,80672
2393,31099,4191
2394,31005,2167
2395,31047,5968
2396,31046,3296
2397,31044,7530
2398,31043,3405
2399,31004,6195
2400,31003,12285
2401,31022,4363
2402,32058,2767
2403,32036,44144
2404,32035,16284
2405,31033,21255
2406,31079,45062
2407,31059,66008
2408,32037,17577
2409,32040,21844
2410,32033,4530
2411,32020,59910
2412,32010,240532
2413,32034,27945
2414,32005,45759
2415,32045,8321
2416,32038,72241
2417,32051,34623
2418,32050,10276
2419,32049,32461
2420,32048,27302
2421,31094,5444
2422,31084,7037
2423,31029,6240
2424,31041,141939
2425,31038,35137
2426,31030,4015
2427,31021,9406
2428,32046,6490
2429,32025,13184
2430,32044,16588
2431,32043,1365
2432,32054,19446
2433,32042,63665
2434,31039,4186
2435,31092,7888
2436,31018,3385
2437,31017,4686
2438,32057,20455
2439,32030,2446
2440,32032,13207
2441,32056,149607
2442,32018,4547
2443,32022,19749
2444,32002,4942
2445,32001,6260
2446,32015,1579
2447,32028,2451
2448,32026,17774
2449,32052,19525
2450,32024,53709
2451,32004,4493
2452,32029,23713
2453,32053,13208
2454,32023,12251
2455,32039,64535
2456,32055,31558
2457,31024,3244
2458,32031,8683
2459,32021,4465
2460,32008,13466
2461,32007,12115
2462,32047,5356
2463,32012,8168
2464,32006,8255
2465,32011,3362
2466,31031,2818
2467,31011,8389
2468,31008,3949
2469,32027,2736
2470,32019,25296
2471,32003,2277
2472,32041,2509
2473,32016,23526
2474,32014,20191
2475,32013,6644
2476,32009,10086
2477,32017,211740
